firstname,lastname,email
Steven,King,Steven.King@company.com
Neena,Kochhar,Neena.Kochhar@company.com
Alexander,Hunold,Alexander.Hunold@company.com
Bruce,Ernst,Bruce.Ernst@company.com
David,Austin,David.Austin@company.com
Valli,Pataballa,Valli.Pataballa@company.com
Diana,Lorentz,Diana.Lorentz@company.com
Nancy,Greenberg,Nancy.Greenberg@company.com
Daniel,Faviet,Daniel.Faviet@company.com
John,Chen,John.Chen@company.com
Ismael,Sciarra,Ismael.Sciarra@company.com
Luis,Popp,Luis.Popp@company.com
Den,Raphaely,Den.Raphaely@company.com
Alexander,Khoo,Alexander.Khoo@company.com
Shelli,Baida,Shelli.Baida@company.com
Sigal,Tobias,Sigal.Tobias@company.com
Guy,Himuro,Guy.Himuro@company.com
Karen,Colmenares,Karen.Colmenares@company.com
Matthew,Weiss,Matthew.Weiss@company.com
Adam,Fripp,Adam.Fripp@company.com
Payam,Kaufling,Payam.Kaufling@company.com
Shanta,Vollman,Shanta.Vollman@company.com
Kevin,Mourgos,Kevin.Mourgos@company.com
Julia,Nayer,Julia.Nayer@company.com
Irene,Mikkilineni,Irene.Mikkilineni@company.com
James,Landry,James.Landry@company.com
Steven,Markle,Steven.Markle@company.com
Laura,Bissot,Laura.Bissot@company.com
Mozhe,Atkinson,Mozhe.Atkinson@company.com
James,Marlow,James.Marlow@company.com
TJ,Olson,TJ.Olson@company.com
Jason,Mallin,Jason.Mallin@company.com
Michael,Rogers,Michael.Rogers@company.com
Ki,Gee,Ki.Gee@company.com
Hazel,Philtanker,Hazel.Philtanker@company.com
Renske,Ladwig,Renske.Ladwig@company.com
Stephen,Stiles,Stephen.Stiles@company.com
John,Seo,John.Seo@company.com
Joshua,Patel,Joshua.Patel@company.com
Trenna,Rajs,Trenna.Rajs@company.com
Curtis,Davies,Curtis.Davies@company.com
Randall,Matos,Randall.Matos@company.com
Peter,Vargas,Peter.Vargas@company.com
John,Russell,John.Russell@company.com
Karen,Partners,Karen.Partners@company.com
Alberto,Errazuriz,Alberto.Errazuriz@company.com
Gerald,Cambrault,Gerald.Cambrault@company.com
Eleni,Zlotkey,Eleni.Zlotkey@company.com
Peter,Tucker,Peter.Tucker@company.com
David,Bernstein,David.Bernstein@company.com
Peter,Hall,Peter.Hall@company.com
Christopher,Olsen,Christopher.Olsen@company.com
Nanette,Cambrault,Nanette.Cambrault@company.com
Oliver,Tuvault,Oliver.Tuvault@company.com
Janette,King,Janette.King@company.com
Patrick,Sully,Patrick.Sully@company.com
Allan,McEwen,Allan.McEwen@company.com
Lindsey,Smith,Lindsey.Smith@company.com
Louise,Doran,Louise.Doran@company.com
Sarath,Sewall,Sarath.Sewall@company.com
Clara,Vishney,Clara.Vishney@company.com
Danielle,Greene,Danielle.Greene@company.com
Mattea,Marvins,Mattea.Marvins@company.com
David,Lee,David.Lee@company.com
Sundar,Ande,Sundar.Ande@company.com
Amit,Banda,Amit.Banda@company.com
Lisa,Ozer,Lisa.Ozer@company.com
Harrison,Bloom,Harrison.Bloom@company.com
Tayler,Fox,Tayler.Fox@company.com
William,Smith,William.Smith@company.com
Elizabeth,Bates,Elizabeth.Bates@company.com
Sundita,Kumar,Sundita.Kumar@company.com
Ellen,Abel,Ellen.Abel@company.com
Alyssa,Hutton,Alyssa.Hutton@company.com
Jonathon,Taylor,Jonathon.Taylor@company.com
Jack,Livingston,Jack.Livingston@company.com
Kimberely,Grant,Kimberely.Grant@company.com
Charles,Johnson,Charles.Johnson@company.com
Winston,Taylor,Winston.Taylor@company.com
Jean,Fleaur,Jean.Fleaur@company.com
Martha,Sullivan,Martha.Sullivan@company.com
Girard,Geoni,Girard.Geoni@company.com
Nandita,Sarchand,Nandita.Sarchand@company.com
Alexis,Bull,Alexis.Bull@company.com
Julia,Dellinger,Julia.Dellinger@company.com
Anthony,Cabrio,Anthony.Cabrio@company.com
Kelly,Chung,Kelly.Chung@company.com
Jennifer,Dilly,Jennifer.Dilly@company.com
Timothy,Gates,Timothy.Gates@company.com
Randall,Perkins,Randall.Perkins@company.com
Sarah,Bell,Sarah.Bell@company.com
Britney,Everett,Britney.Everett@company.com
Samuel,McCain,Samuel.McCain@company.com
Vance,Jones,Vance.Jones@company.com
Alana,Walsh,Alana.Walsh@company.com
Kevin,Feeney,Kevin.Feeney@company.com
Donald,OConnell,Donald.OConnell@company.com
Douglas,Grant,Douglas.Grant@company.com
Jennifer,Whalen,Jennifer.Whalen@company.com
Michael,Hartstein,Michael.Hartstein@company.com
Pat,Fay,Pat.Fay@company.com
Susan,Mavris,Susan.Mavris@company.com
Hermann,Baer,Hermann.Baer@company.com
Shelley,Higgins,Shelley.Higgins@company.com
William,Gietz,William.Gietz@company.com